numThreads,totalTime,totalTime,selectionTime,mutationTime,crossoverTime
1,1.74631,0.00417343,1.35488,0.00555295,0.377412
1,1.82196,0.00417093,1.41617,0.00594377,0.391224
4,6.02147,0.0281156,4.81429,0.167761,0.948121
